,Start(h),Duration(min),Draw Rate(L/min)
0,0.0,30.0,0.05
1,0.5,30.0,0.1
2,1.0,30.0,0.15000000000000002
3,1.5,30.0,0.2
4,2.0,30.0,0.25
5,2.5,30.0,0.2
6,3.0,30.0,0.15000000000000002
7,3.5,30.0,0.10000000000000002
8,4.0,30.0,0.05000000000000002
