Test_name,1,T,Ta,T_xx,V*T_x,T_x,P
RLC_HU_144D_0W_10C_0DR_L_MOD1,-5.0460592e-05,-6.4832456e-08,-2.782829e-06,1.7537648551198183e-09,-0.00030803288,0.0,-1.15078294e-07
